timestamp,baseline_kw,flexibility_mean_kw,flexibility_p10_kw,flexibility_p50_kw,flexibility_p90_kw,probability_delivery
2026-01-01 00:00:00,1.6257883272073284,0.32003309615705366,0.0,0.4448872719707564,0.5558452317964877,0.6526
2026-01-01 00:15:00,1.3053166008527377,0.19583473268187532,0.0,0.2722355313439395,0.34013295402404503,0.6526
2026-01-01 00:30:00,1.7727444790742148,0.37698574459220036,0.0,0.5240587973475797,0.6547626826820111,0.6526
2026-01-01 00:45:00,1.845002107647492,0.4049890861645812,0.0,0.562987053167997,0.7033999145004913,0.6526
2026-01-01 01:00:00,1.152604483301638,0.13665136790138915,0.0,0.18996302259590928,0.23734111308656486,0.6526
2026-01-01 01:15:00,1.3520057237875087,0.213929036121843,0.0,0.2973889463884496,0.3715598045921772,0.6526
2026-01-01 01:30:00,1.754316393851833,0.36984396627485544,0.0,0.51413080455316,0.6423585798816713,0.6526
2026-01-01 01:45:00,1.6966386471363868,0.347491037258372,0.0,0.48305735080692813,0.6035351920518055,0.6526
2026-01-01 02:00:00,1.83423934111146,0.4008179912432104,0.0,0.5571886933640187,0.6961554036944064,0.6526
2026-01-01 02:15:00,1.6980653880903676,0.3480439686935505,0.0,0.48382599680241223,0.6044955436699507,0.6526
2026-01-01 02:30:00,2.2147891374042805,0.5482995255988679,0.0,0.7622070438828361,0.9523067475210207,0.6526
2026-01-01 02:45:00,2.284077169302881,0.5751520041875761,0.0,0.7995354517520017,0.9989451182541669,0.6526
2026-01-01 03:00:00,2.211960384499458,0.5472032464186389,0.0,0.7606830744569643,0.9504026895896215,0.6526
2026-01-01 03:15:00,2.593928425025539,0.6952344193173977,0.0,0.9664654934266612,1.2075086658185206,0.6526
2026-01-01 03:30:00,2.5558113977025223,0.6804622193860388,0.0,0.9459302306448294,1.1818517665990722,0.6526
2026-01-01 03:45:00,2.3599503557646377,0.6045565500967802,0.0,0.8404115622861057,1.0500160132117133,0.6526
2026-01-01 04:00:00,2.8102424551182126,0.779066615186384,0.0,1.0830030558579207,1.3531115016012873,0.6526
2026-01-01 04:15:00,2.6270238504572707,0.7080605045508485,0.0,0.9842954058266435,1.2297854815767624,0.6526
2026-01-01 04:30:00,3.2379972412779843,0.9448423764806443,0.0,1.31345274086452,1.6410369304688968,0.6526
2026-01-01 04:45:00,3.1576644676393784,0.9137095238797991,0.0,1.2701740611636494,1.586964248992503,0.6526
2026-01-01 05:00:00,3.272691456617306,0.9582880704774758,0.0,1.3321439893442304,1.664389905477032,0.6526
2026-01-01 05:15:00,3.291125546936948,0.9654321760617534,0.0,1.3420752173397903,1.6767980503600317,0.6526
2026-01-01 05:30:00,3.899758340976122,1.2013069530252367,0.0,1.6699715734044664,2.0864740234096137,0.6526
2026-01-01 05:45:00,3.675266104857928,1.1143053049986875,0.0,1.5490280637728957,1.9353663667494334,0.6526
2026-01-01 06:00:00,3.7105146435477825,1.1279658262245909,0.0,1.5680179498030333,1.9590924615766743,0.6526
2026-01-01 06:15:00,3.814455137053454,1.1682478172103596,0.0,1.6240151116416053,2.0290557025213434,0.6526
2026-01-01 06:30:00,4.099414307188909,1.2786833398402349,0.0,1.777534728773205,2.220864172994806,0.6526
2026-01-01 06:45:00,4.098871617633203,1.278473021271853,0.0,1.7772423588425457,2.2204988839831477,0.6526
2026-01-01 07:00:00,4.128254928547214,1.289860481783631,0.0,1.7930723973685332,2.2402770435039785,0.6526
2026-01-01 07:15:00,4.126538433693549,1.2891952566351779,0.0,1.7921476486313095,2.239121656041625,0.6526
2026-01-01 07:30:00,4.5247900713683515,1.4435371145368345,0.0,2.006702733518754,2.5071882616877756,0.6526
2026-01-01 07:45:00,3.8364404697147587,1.1767682017324246,0.0,1.635859544832051,2.04385421919519,0.6526
2026-01-01 08:00:00,3.7388097782194696,1.1389315655754877,0.0,1.5832617415343875,1.978138160301292,0.6526
2026-01-01 08:15:00,3.575069587617083,1.0754742867095501,0.0,1.495047941085767,1.8679232284584328,0.6526
2026-01-01 08:30:00,3.8301270956205142,1.174321462547566,0.0,1.6324582618577352,2.0396046327440223,0.6526
2026-01-01 08:45:00,3.845507222280135,1.1802820088425343,0.0,1.6407441898210227,2.0499571283975846,0.6526
2026-01-01 09:00:00,3.415188875107331,1.0135127431099624,0.0,1.4089134055326313,1.76030614454383,0.6526
2026-01-01 09:15:00,3.11118217558748,0.8956953774554309,0.0,1.2451320747070822,1.555676618072125,0.6526
2026-01-01 09:30:00,2.9935823391031633,0.8501197274520998,0.0,1.1817760442160155,1.4765191557828299,0.6526
2026-01-01 09:45:00,3.245390423314414,0.9477075937035339,0.0,1.3174357622744903,1.6460133449414172,0.6526
2026-01-01 10:00:00,3.15948796249013,0.9144162167255139,0.0,1.2711564553473345,1.5881916590739988,0.6526
2026-01-01 10:15:00,3.0112475818910993,0.8569658672648373,0.0,1.1912930613664077,1.4884097827736569,0.6526
2026-01-01 10:30:00,2.624241469511468,0.7069821967576343,0.0,0.9827964189461341,1.2279126370101696,0.6526
2026-01-01 10:45:00,2.7792424228900563,0.767052596620031,0.0,1.0663020208413199,1.3322451130464494,0.6526
2026-01-01 11:00:00,2.697938194746312,0.7355432582021642,0.0,1.0224999773068915,1.277518537179935,0.6526
2026-01-01 11:15:00,2.689058364495877,0.7321018925703584,0.0,1.0177160353141057,1.2715414469968385,0.6526
2026-01-01 11:30:00,2.8365278707437516,0.7892534907684895,0.0,1.097164126516077,1.3708044411353875,0.6526
2026-01-01 11:45:00,2.6776998155155405,0.7276999030068576,0.0,1.0115967021836685,1.263895909898732,0.6526
2026-01-01 12:00:00,2.8132986453378375,0.7802510373757107,0.0,1.084649555432492,1.355168649547162,0.6526
2026-01-01 12:15:00,2.700325040045153,0.7364682767158302,0.0,1.0237858723221533,1.2791251432976107,0.6526
2026-01-01 12:30:00,2.81281721798248,0.7800644608862743,0.0,1.0843901900531079,1.35484459664993,0.6526
2026-01-01 12:45:00,2.9716190765629515,0.8416078961741934,0.0,1.1699435011378916,1.4617354946974799,0.6526
2026-01-01 13:00:00,2.5376152122137916,0.673410313481895,0.0,0.9361271720938179,1.169603757505749,0.6526
2026-01-01 13:15:00,2.9234608077175372,0.8229442273181762,0.0,1.1439985947453222,1.4293197493698324,0.6526
2026-01-01 13:30:00,2.9990020552142416,0.8522201307517993,0.0,1.1846958756498982,1.4801672133525237,0.6526
2026-01-01 13:45:00,3.0800898518061297,0.883645591428409,0.0,1.2283813183079266,1.534748107278345,0.6526
2026-01-01 14:00:00,3.302392597626712,0.9697987055923905,0.0,1.3481452564519647,1.6843819991710962,0.6526
2026-01-01 14:15:00,3.8825150197370553,1.1946243283109454,0.0,1.6606818633262113,2.074867395445419,0.6526
2026-01-01 14:30:00,3.434172021416512,1.0208696345650283,0.0,1.4191404333273612,1.7730838637399065,0.6526
2026-01-01 14:45:00,4.036769034984664,1.2544052533590107,0.0,1.7437850579016585,2.1786971009957603,0.6526
2026-01-01 15:00:00,3.518215249051756,1.0534404683549674,0.0,1.4644180923089394,1.8296540837426756,0.6526
2026-01-01 15:15:00,3.997545238356644,1.2392041265516696,0.0,1.7226535314520306,2.152295225829552,0.6526
2026-01-01 15:30:00,4.260341055888216,1.341050273282971,0.0,1.8642328084833861,2.3291853528733433,0.6526
2026-01-01 15:45:00,4.498638588589737,1.4334021444397878,0.0,1.9926138181780468,2.489585473505894,0.6526
2026-01-01 16:00:00,4.654421529635618,1.4937756025146567,0.0,2.0765407100679623,2.594444312172727,0.6526
2026-01-01 16:15:00,4.789737883437735,1.546217263702126,0.0,2.1494413814780815,2.685526914780294,0.6526
2026-01-01 16:30:00,4.6075375068849995,1.4756057659272124,0.0,2.0512822942084448,2.562886272860763,0.6526
2026-01-01 16:45:00,4.669411525404494,1.4995849541356943,0.0,2.0846164579379054,2.604534207365308,0.6526
2026-01-01 17:00:00,5.075351671383217,1.6569064825367565,0.0,2.3033136690484497,2.8777760141369275,0.6526
2026-01-01 17:15:00,4.873291588245822,1.5785983836139956,0.0,2.194455313705519,2.741767632754074,0.6526
2026-01-01 17:30:00,4.645915101891668,1.4904789484951726,0.0,2.0719579358768803,2.58871856243116,0.6526
2026-01-01 17:45:00,4.708002487410917,1.514540826782089,0.0,2.1054070494782655,2.6305101160999977,0.6526
2026-01-01 18:00:00,4.770293232259034,1.5386815166887737,0.0,2.138965721393892,2.6724385526837042,0.6526
2026-01-01 18:15:00,5.115473156634406,1.6724555072980816,0.0,2.3249288185156027,2.9047821312430937,0.6526
2026-01-01 18:30:00,5.0001372942095,1.6277572572336676,0.0,2.2627924870804788,2.8271485693824836,0.6526
2026-01-01 18:45:00,5.09321956045861,1.6638311576310723,0.0,2.3129398603673685,2.889803044088311,0.6526
2026-01-01 19:00:00,4.753230706675803,1.5320689590747336,0.0,2.129773413620148,2.660953619831821,0.6526
2026-01-01 19:15:00,4.823404791705973,1.5592648262991378,0.0,2.1675791759729477,2.7081884005553665,0.6526
2026-01-01 19:30:00,4.849296184024673,1.569298998706969,0.0,2.1815279695277625,2.7256161196097053,0.6526
2026-01-01 19:45:00,4.511408146755942,1.4383509686140339,0.0,1.999493321931808,2.4981807730336034,0.6526
2026-01-01 20:00:00,4.58697752690914,1.4676377748188199,0.0,2.0402057590942153,2.5490471733495594,0.6526
2026-01-01 20:15:00,4.181134780036201,1.3103539933031922,0.0,1.8215610210219015,2.2758709267544983,0.6526
2026-01-01 20:30:00,4.121168703379033,1.2871142252601127,0.0,1.7892547466706794,2.2355072443418975,0.6526
2026-01-01 20:45:00,3.975038097229048,1.2304815158978393,0.0,1.710527977861343,2.1371454753850845,0.6526
2026-01-01 21:00:00,3.625033110759216,1.0948375793104148,0.0,1.5219654147002504,1.9015541059936338,0.6526
2026-01-01 21:15:00,3.8959710342017337,1.1998391876510253,0.0,1.6679311902657608,2.0839247546169513,0.6526
2026-01-01 21:30:00,3.5055068478536695,1.048515345477068,0.0,1.4575715364133783,1.8210999494966733,0.6526
2026-01-01 21:45:00,3.47460132546877,1.036537954066561,0.0,1.4409214178664778,1.8002971763309141,0.6526
2026-01-01 22:00:00,3.441762126373884,1.0238111689869065,0.0,1.4232295454850452,1.778192828725713,0.6526
2026-01-01 22:15:00,3.286138604031412,0.9634994934046739,0.0,1.3393885392267435,1.673441296160493,0.6526
2026-01-01 22:30:00,3.1978228704350125,0.9292728559831641,0.0,1.2918090996811735,1.6139952156156385,0.6526
2026-01-01 22:45:00,2.8689149126377944,0.801805042965614,0.0,1.1146124025944888,1.3926044378363303,0.6526
2026-01-01 23:00:00,2.6557426852698542,0.7191904482910058,0.0,0.9997674628332587,1.2491163765136166,0.6526
2026-01-01 23:15:00,2.6163540847005207,0.7039254519497181,0.0,0.9785471494954594,1.2226035703958043,0.6526
2026-01-01 23:30:00,2.096399717040984,0.5024178734819909,0.0,0.6984256309949273,0.8726178095256951,0.6526
2026-01-01 23:45:00,2.0460258417528343,0.4828955494883632,0.0,0.6712870832373816,0.8387107204285167,0.6526
